"trackNb","rotation","n","mean","variance","r","p.value","signif","bin.angle"
1,"raw",24,158.400964539848,0.0841818952877453,0.915818104712255,4.86950028290897e-09,TRUE,0
1,"rotated",24,234.213797526067,0.0675951820462708,0.932404817953729,2.91946393013827e-09,TRUE,0
