"trackNb","rotation","n","mean","variance","r","p.value","signif","bin.angle"
1,"raw",6,155.352181925998,0.109312509705122,0.890687490294878,0.00329902161894611,TRUE,0
1,"rotated",6,230.782623581031,0.0928815485387476,0.907118451461252,0.00235538924908568,TRUE,0
2,"raw",6,37.7393833085496,0.383579347881542,0.616420652118458,0.0993231541978418,FALSE,0
2,"rotated",6,113.479069279654,0.338530989866702,0.661469010133298,0.066764220794267,FALSE,0
