"trackNb","rotation","n","mean","variance","r","p.value","signif","bin.angle"
1,"raw",24,158.164937425444,0.0880690964436889,0.911930903556311,5.47068320324232e-09,TRUE,0
1,"rotated",24,233.973644491764,0.0718332881821361,0.928166711817864,3.33468285159954e-09,TRUE,0
2,"raw",24,18.255050993282,0.203720343129994,0.796279656870006,9.39655230539154e-08,TRUE,0
2,"rotated",24,94.631774226613,0.175983857867142,0.824016142132858,5.23652812789175e-08,TRUE,0
