"trackNb","rotation","n","mean","se.mean","kappa","se.kappa","variance","r","p.value","signif","dir.n","dir.mean","dir.se.mean","dir.kappa","dir.se.kappa","dir.variance","dir.r","dir.p.value","dir.signif","turn.n","turn.abs.mean","turn.freq.gt45","speed.n","speed.mean","speed.sd","speed.median","speed.mad","bin.angle"
1,"raw",23,158.633036443942,5.2187815379043,5.76779565411381,1.60251813403504,0.0912292600252469,0.908770739974753,1.16696670166344e-08,TRUE,21,329.338219907937,45.7605164350226,0.390033648772231,0.317413637847326,0.808596288186146,0.191403711813854,0.468642511792371,FALSE,19,117.69476111288,0.894736842105263,21,0.386421729627186,0.22447168147398,0.344422581548985,0.13654730295844,0
1,"rotated",23,234.664874596423,4.66172944890474,7.0887996088012,1.99935367940697,0.0734275526296553,0.926572447370345,7.08230579320123e-09,TRUE,21,48.7600557644191,40.399814653887,0.442963916791434,0.31996763034904,0.783769961612468,0.216230038387532,0.379188687511459,FALSE,19,117.168445323406,0.894736842105263,0,NA,NA,NA,NA,0
2,"raw",24,18.255050993282,7.81177222482159,2.81756539958051,0.701089008383242,0.203720343129994,0.796279656870006,9.39655230539154e-08,TRUE,23,68.71027476672,70.436907339042,0.240733782862751,0.298088791061408,0.880496581968468,0.119503418031532,0.724343282040931,FALSE,22,89.2858195383891,0.727272727272727,23,0.445238286650146,0.213862325452678,0.386486692745374,0.149564104294438,0
2,"rotated",24,94.631774226613,7.21932927619029,3.18878835678611,0.803586606706726,0.175983857867142,0.824016142132858,5.23652812789175e-08,TRUE,23,138.252365414439,82.2977490530605,0.205840477389624,0.297226935669952,0.897620988606442,0.102379011393558,0.789409861898751,FALSE,22,89.6040013565709,0.727272727272727,0,NA,NA,NA,NA,0
