"trackNb","rotation","n","mean","se.mean","kappa","se.kappa","variance","r","p.value","signif","dir.n","dir.mean","dir.se.mean","dir.kappa","dir.se.kappa","dir.variance","dir.r","dir.p.value","dir.signif","speed.min","speed.median","speed.mean","speed.max","bin.angle"
1,"raw",24,158.164937425444,5.01576056020112,5.96306660340775,1.62651454897762,0.0880690964436889,0.911930903556311,5.47068320324232e-09,TRUE,23,305.606451807862,53.8432604122353,0.315733358477113,0.30039753519599,0.844067479043986,0.155932520956014,0.576705520278572,FALSE,0.03299,0.3401,0.372,0.9809,0
1,"rotated",24,233.973644491764,4.51201174507189,7.23924805247135,2.00124910926496,0.0718332881821361,0.928166711817864,3.33468285159954e-09,TRUE,23,27.5280254295479,46.2220210040803,0.368605171783205,0.302399586122041,0.818755792490932,0.181244207509068,0.474643300845571,FALSE,NA,NA,NA,NA,0
2,"raw",24,18.255050993282,7.81177222482159,2.81756539958051,0.701089008383242,0.203720343129994,0.796279656870006,9.39655230539154e-08,TRUE,23,68.71027476672,70.436907339042,0.240733782862751,0.298088791061408,0.880496581968468,0.119503418031532,0.724343282040931,FALSE,0.1924,0.3865,0.4452,1.085,0
2,"rotated",24,94.631774226613,7.21932927619029,3.18878835678611,0.803586606706726,0.175983857867142,0.824016142132858,5.23652812789175e-08,TRUE,23,136.546084254501,80.9545974192969,0.209274139387591,0.297305767964918,0.89593155950509,0.10406844049491,0.783206376817029,FALSE,NA,NA,NA,NA,0
